{"cameraMode":{"drawMode":0,"name":"Shaded","section":"Shading Mode"},"sceneLighting":true,"audioPlay":false,"sceneViewState":{"showFog":true,"showMaterialUpdate":true,"showSkybox":true,"showFlares":true,"showImageEffects":true,"showParticleSystems":true},"in2DMode":false,"pivot":{"x":-2.021256446838379,"y":2.7364401817321779,"z":1.2715015411376954},"rotation":{"x":0.0030608070082962515,"y":-0.9825083613395691,"z":0.016212863847613336,"w":0.1854863464832306},"size":16.621355056762697,"orthographic":false}